asset_id,asset_type,character_id,expression,narrative_purpose,final_filename,destination_path,width,height,aspect_ratio,alpha_required,safe_area,generation_method,generation_prompt_file,negative_prompt_file,reference_requirement,source_url,license,sha256,placeholder_status,candidate_status,user_approval_status,integration_status,notes
portrait_bram_neutral,portrait,bram,neutral,Speaker portrait for Bram Holloway (neutral),bram_neutral.png,assets/portraits/,512,640,4:5,yes,head centre at 42% height; nothing within 24px of edges,procedural (tools/build_art.py); target: hand-drawn or generated from neutral reference,assets/prompts/characters/bram_neutral.txt,assets/prompts/UI/STYLE.md,none,,original (repository),6954cff7ae5a902a0810f7057318acc60ae8b414525a2210f771837cfa5d0033,procedural_candidate,candidate,pending,integrated,
portrait_bram_patient,portrait,bram,patient,Speaker portrait for Bram Holloway (patient),bram_patient.png,assets/portraits/,512,640,4:5,yes,head centre at 42% height; nothing within 24px of edges,procedural (tools/build_art.py); target: hand-drawn or generated from neutral reference,assets/prompts/characters/bram_patient.txt,assets/prompts/UI/STYLE.md,neutral,,original (repository),e6b505a07a68ab64ecddae33f3dca9c817fa2c1372a6f1201f00a0ac223ff4b2,procedural_candidate,candidate,pending,integrated,
portrait_bram_stern,portrait,bram,stern,Speaker portrait for Bram Holloway (stern),bram_stern.png,assets/portraits/,512,640,4:5,yes,head centre at 42% height; nothing within 24px of edges,procedural (tools/build_art.py); target: hand-drawn or generated from neutral reference,assets/prompts/characters/bram_stern.txt,assets/prompts/UI/STYLE.md,neutral,,original (repository),b23336578b690f8d6284de27636b952e5bd5cd97faf451b1cb81dffdb0d42288,procedural_candidate,candidate,pending,integrated,
portrait_bram_mourning,portrait,bram,mourning,Speaker portrait for Bram Holloway (mourning),bram_mourning.png,assets/portraits/,512,640,4:5,yes,head centre at 42% height; nothing within 24px of edges,procedural (tools/build_art.py); target: hand-drawn or generated from neutral reference,assets/prompts/characters/bram_mourning.txt,assets/prompts/UI/STYLE.md,neutral,,original (repository),2dbbf5000e2775c929d85c3555f483658ca48af9a3f1b60b6ca1a36ed84395c6,procedural_candidate,candidate,pending,integrated,
portrait_cole_pleasant,portrait,cole,pleasant,Speaker portrait for Marguerite Cole (pleasant),cole_pleasant.png,assets/portraits/,512,640,4:5,yes,head centre at 42% height; nothing within 24px of edges,procedural (tools/build_art.py); target: hand-drawn or generated from neutral reference,assets/prompts/characters/cole_pleasant.txt,assets/prompts/UI/STYLE.md,neutral,,original (repository),7b80f5935e9c55bc561b4deb3c835a709161778c39d52e5186ec57fbd3d7028a,procedural_candidate,candidate,pending,integrated,
portrait_cole_cold,portrait,cole,cold,Speaker portrait for Marguerite Cole (cold),cole_cold.png,assets/portraits/,512,640,4:5,yes,head centre at 42% height; nothing within 24px of edges,procedural (tools/build_art.py); target: hand-drawn or generated from neutral reference,assets/prompts/characters/cole_cold.txt,assets/prompts/UI/STYLE.md,neutral,,original (repository),f56da29a5d4600fe28c934477a2e8448e7ccf05fc72e6d3320d400da84310f27,procedural_candidate,candidate,pending,integrated,
portrait_crane_neutral,portrait,crane,neutral,Speaker portrait for Matthias Crane (neutral),crane_neutral.png,assets/portraits/,512,640,4:5,yes,head centre at 42% height; nothing within 24px of edges,procedural (tools/build_art.py); target: hand-drawn or generated from neutral reference,assets/prompts/characters/crane_neutral.txt,assets/prompts/UI/STYLE.md,none,,original (repository),516c47b3bd3925cf706c04d0c361ad9fee10d0c17138c2e9066560a46c9a608f,procedural_candidate,candidate,pending,integrated,
portrait_crane_disapproving,portrait,crane,disapproving,Speaker portrait for Matthias Crane (disapproving),crane_disapproving.png,assets/portraits/,512,640,4:5,yes,head centre at 42% height; nothing within 24px of edges,procedural (tools/build_art.py); target: hand-drawn or generated from neutral reference,assets/prompts/characters/crane_disapproving.txt,assets/prompts/UI/STYLE.md,neutral,,original (repository),9f6fd574c32d9678af5d5a8b97d9e0b8b8de54562d48de4d28ed94e22dc37368,procedural_candidate,candidate,pending,integrated,
portrait_crane_delighted_by_a_clause,portrait,crane,delighted_by_a_clause,Speaker portrait for Matthias Crane (delighted_by_a_clause),crane_delighted_by_a_clause.png,assets/portraits/,512,640,4:5,yes,head centre at 42% height; nothing within 24px of edges,procedural (tools/build_art.py); target: hand-drawn or generated from neutral reference,assets/prompts/characters/crane_delighted_by_a_clause.txt,assets/prompts/UI/STYLE.md,neutral,,original (repository),1596ba6dde945734c02c1fe578765564d66b18ac9e822ce813a79eabb8159cff,procedural_candidate,candidate,pending,integrated,
portrait_crane_alarmed,portrait,crane,alarmed,Speaker portrait for Matthias Crane (alarmed),crane_alarmed.png,assets/portraits/,512,640,4:5,yes,head centre at 42% height; nothing within 24px of edges,procedural (tools/build_art.py); target: hand-drawn or generated from neutral reference,assets/prompts/characters/crane_alarmed.txt,assets/prompts/UI/STYLE.md,neutral,,original (repository),555d69298f9a31002ac6fdac5ec01348bcae053a016fa4d4a2c69a06acdfd132,procedural_candidate,candidate,pending,integrated,
portrait_dace_neutral,portrait,dace,neutral,Speaker portrait for Corporal Dace (neutral),dace_neutral.png,assets/portraits/,512,640,4:5,yes,head centre at 42% height; nothing within 24px of edges,procedural (tools/build_art.py); target: hand-drawn or generated from neutral reference,assets/prompts/characters/dace_neutral.txt,assets/prompts/UI/STYLE.md,none,,original (repository),0dd130d9b7bc67d02441fc987a0a681f94b6170db078705f7d31c95e5d1ca691,procedural_candidate,candidate,pending,integrated,
portrait_dace_fed_up,portrait,dace,fed_up,Speaker portrait for Corporal Dace (fed_up),dace_fed_up.png,assets/portraits/,512,640,4:5,yes,head centre at 42% height; nothing within 24px of edges,procedural (tools/build_art.py); target: hand-drawn or generated from neutral reference,assets/prompts/characters/dace_fed_up.txt,assets/prompts/UI/STYLE.md,neutral,,original (repository),d01a038022560503ff64e7dcc0277f53aca594034c43781db841d807be35ed20,procedural_candidate,candidate,pending,integrated,
portrait_fennick_eager,portrait,fennick,eager,Speaker portrait for Fennick Orr (eager),fennick_eager.png,assets/portraits/,512,640,4:5,yes,head centre at 42% height; nothing within 24px of edges,procedural (tools/build_art.py); target: hand-drawn or generated from neutral reference,assets/prompts/characters/fennick_eager.txt,assets/prompts/UI/STYLE.md,neutral,,original (repository),a86ada734fa17ee0e937f18f4950fdd9ae34c888041476e612d295f44c163b3d,procedural_candidate,candidate,pending,integrated,
portrait_fennick_neutral,portrait,fennick,neutral,Speaker portrait for Fennick Orr (neutral),fennick_neutral.png,assets/portraits/,512,640,4:5,yes,head centre at 42% height; nothing within 24px of edges,procedural (tools/build_art.py); target: hand-drawn or generated from neutral reference,assets/prompts/characters/fennick_neutral.txt,assets/prompts/UI/STYLE.md,none,,original (repository),06063ec48c88a2098543ae0ef95b40177927dd9960b7a33518d0784a5e2ddfe5,procedural_candidate,candidate,pending,integrated,
portrait_fennick_sheepish,portrait,fennick,sheepish,Speaker portrait for Fennick Orr (sheepish),fennick_sheepish.png,assets/portraits/,512,640,4:5,yes,head centre at 42% height; nothing within 24px of edges,procedural (tools/build_art.py); target: hand-drawn or generated from neutral reference,assets/prompts/characters/fennick_sheepish.txt,assets/prompts/UI/STYLE.md,neutral,,original (repository),22afd0033bfb2cd2713f139285170347ba514040c2d1167c4aef12786b37fc05,procedural_candidate,candidate,pending,integrated,
portrait_fennick_frightened,portrait,fennick,frightened,Speaker portrait for Fennick Orr (frightened),fennick_frightened.png,assets/portraits/,512,640,4:5,yes,head centre at 42% height; nothing within 24px of edges,procedural (tools/build_art.py); target: hand-drawn or generated from neutral reference,assets/prompts/characters/fennick_frightened.txt,assets/prompts/UI/STYLE.md,neutral,,original (repository),9b65166f1afa82e4ec059a2b0ae2d92bdfd13848d59154f3441f7d23c222f310,procedural_candidate,candidate,pending,integrated,
portrait_hale_serene,portrait,hale,serene,Speaker portrait for Sister Hale Ambrey (serene),hale_serene.png,assets/portraits/,512,640,4:5,yes,head centre at 42% height; nothing within 24px of edges,procedural (tools/build_art.py); target: hand-drawn or generated from neutral reference,assets/prompts/characters/hale_serene.txt,assets/prompts/UI/STYLE.md,neutral,,original (repository),e6b3f6cb69ebd99b71f5c3e35347460b196d688cee37d926537e01b3e2aedc2d,procedural_candidate,candidate,pending,integrated,
portrait_hale_neutral,portrait,hale,neutral,Speaker portrait for Sister Hale Ambrey (neutral),hale_neutral.png,assets/portraits/,512,640,4:5,yes,head centre at 42% height; nothing within 24px of edges,procedural (tools/build_art.py); target: hand-drawn or generated from neutral reference,assets/prompts/characters/hale_neutral.txt,assets/prompts/UI/STYLE.md,none,,original (repository),1673620a36610251622721f31eb7229b8579fdb91ae16e2cd399bee94b4f687d,procedural_candidate,candidate,pending,integrated,
portrait_hale_troubled,portrait,hale,troubled,Speaker portrait for Sister Hale Ambrey (troubled),hale_troubled.png,assets/portraits/,512,640,4:5,yes,head centre at 42% height; nothing within 24px of edges,procedural (tools/build_art.py); target: hand-drawn or generated from neutral reference,assets/prompts/characters/hale_troubled.txt,assets/prompts/UI/STYLE.md,neutral,,original (repository),7c505437167ec31e77f9a2054f3ac6ab4d4ada54618bd011340ac0fd1b7c956a,procedural_candidate,candidate,pending,integrated,
portrait_hale_unveiled,portrait,hale,unveiled,Speaker portrait for Sister Hale Ambrey (unveiled),hale_unveiled.png,assets/portraits/,512,640,4:5,yes,head centre at 42% height; nothing within 24px of edges,procedural (tools/build_art.py); target: hand-drawn or generated from neutral reference,assets/prompts/characters/hale_unveiled.txt,assets/prompts/UI/STYLE.md,neutral,,original (repository),e00a121cd689ab82c9e74f0e0de9a7fb1429b5b99bd6ab3d63862892c1dec49c,procedural_candidate,candidate,pending,integrated,
portrait_hesse_curious,portrait,hesse,curious,Speaker portrait for Lucan Hesse (curious),hesse_curious.png,assets/portraits/,512,640,4:5,yes,head centre at 42% height; nothing within 24px of edges,procedural (tools/build_art.py); target: hand-drawn or generated from neutral reference,assets/prompts/characters/hesse_curious.txt,assets/prompts/UI/STYLE.md,neutral,,original (repository),4af236e7c98212f7fb68bef6ab2a838cd51ac14deb5504391c217efc76c32879,procedural_candidate,candidate,pending,integrated,
portrait_hesse_triumphant,portrait,hesse,triumphant,Speaker portrait for Lucan Hesse (triumphant),hesse_triumphant.png,assets/portraits/,512,640,4:5,yes,head centre at 42% height; nothing within 24px of edges,procedural (tools/build_art.py); target: hand-drawn or generated from neutral reference,assets/prompts/characters/hesse_triumphant.txt,assets/prompts/UI/STYLE.md,neutral,,original (repository),4fc6afe103a75caa542d45441b3a220d0c2e2cd3fb3f6d319229fdb18c22d707,procedural_candidate,candidate,pending,integrated,
portrait_ilse_neutral,portrait,ilse,neutral,Speaker portrait for Ilse Harrow (neutral),ilse_neutral.png,assets/portraits/,512,640,4:5,yes,head centre at 42% height; nothing within 24px of edges,procedural (tools/build_art.py); target: hand-drawn or generated from neutral reference,assets/prompts/characters/ilse_neutral.txt,assets/prompts/UI/STYLE.md,none,,original (repository),cf82d4f417bbaa93704ff37b926889875a395ee713f4e1a164e869cdf0c3ce3d,procedural_candidate,candidate,pending,integrated,
portrait_ilse_wry,portrait,ilse,wry,Speaker portrait for Ilse Harrow (wry),ilse_wry.png,assets/portraits/,512,640,4:5,yes,head centre at 42% height; nothing within 24px of edges,procedural (tools/build_art.py); target: hand-drawn or generated from neutral reference,assets/prompts/characters/ilse_wry.txt,assets/prompts/UI/STYLE.md,neutral,,original (repository),41ad08d32451c087264773b3ea2014b7ef597679df0d1abe838ab2496f885086,procedural_candidate,candidate,pending,integrated,
portrait_ilse_angry,portrait,ilse,angry,Speaker portrait for Ilse Harrow (angry),ilse_angry.png,assets/portraits/,512,640,4:5,yes,head centre at 42% height; nothing within 24px of edges,procedural (tools/build_art.py); target: hand-drawn or generated from neutral reference,assets/prompts/characters/ilse_angry.txt,assets/prompts/UI/STYLE.md,neutral,,original (repository),1a2f2421b6874a31492e2df199b82cf375d1bdc3b1e5f9b888d092dd8aebc439,procedural_candidate,candidate,pending,integrated,
portrait_ilse_grieving,portrait,ilse,grieving,Speaker portrait for Ilse Harrow (grieving),ilse_grieving.png,assets/portraits/,512,640,4:5,yes,head centre at 42% height; nothing within 24px of edges,procedural (tools/build_art.py); target: hand-drawn or generated from neutral reference,assets/prompts/characters/ilse_grieving.txt,assets/prompts/UI/STYLE.md,neutral,,original (repository),ae4ce531150a0777542049c94a99ec6fc814c15457ea22a05b8ca3b7fd2560af,procedural_candidate,candidate,pending,integrated,
portrait_kell_courteous,portrait,kell,courteous,Speaker portrait for Ambrose Kell (courteous),kell_courteous.png,assets/portraits/,512,640,4:5,yes,head centre at 42% height; nothing within 24px of edges,procedural (tools/build_art.py); target: hand-drawn or generated from neutral reference,assets/prompts/characters/kell_courteous.txt,assets/prompts/UI/STYLE.md,neutral,,original (repository),3f05c5000525e36f9cbb716a4df8cc709f6dc286d9ccad4a39c01807c58ec6f8,procedural_candidate,candidate,pending,integrated,
portrait_kell_final,portrait,kell,final,Speaker portrait for Ambrose Kell (final),kell_final.png,assets/portraits/,512,640,4:5,yes,head centre at 42% height; nothing within 24px of edges,procedural (tools/build_art.py); target: hand-drawn or generated from neutral reference,assets/prompts/characters/kell_final.txt,assets/prompts/UI/STYLE.md,neutral,,original (repository),60193e04bac623ad633e3584af52fa4586504206fa7a4422985ef68b024fe999,procedural_candidate,candidate,pending,integrated,
portrait_mirren_guarded,portrait,mirren,guarded,Speaker portrait for Mirren Dray (guarded),mirren_guarded.png,assets/portraits/,512,640,4:5,yes,head centre at 42% height; nothing within 24px of edges,procedural (tools/build_art.py); target: hand-drawn or generated from neutral reference,assets/prompts/characters/mirren_guarded.txt,assets/prompts/UI/STYLE.md,neutral,,original (repository),e4c016ad2a6cf510aa9cc2b1680c3184432d38eaeb777c4e0762160457057391,procedural_candidate,candidate,pending,integrated,
portrait_mirren_neutral,portrait,mirren,neutral,Speaker portrait for Mirren Dray (neutral),mirren_neutral.png,assets/portraits/,512,640,4:5,yes,head centre at 42% height; nothing within 24px of edges,procedural (tools/build_art.py); target: hand-drawn or generated from neutral reference,assets/prompts/characters/mirren_neutral.txt,assets/prompts/UI/STYLE.md,none,,original (repository),00beefd94981297af30e790b4c5c21b3cad0ac1f8ebb6f5a92e95f7bc89ae70f,procedural_candidate,candidate,pending,integrated,
portrait_mirren_hopeful,portrait,mirren,hopeful,Speaker portrait for Mirren Dray (hopeful),mirren_hopeful.png,assets/portraits/,512,640,4:5,yes,head centre at 42% height; nothing within 24px of edges,procedural (tools/build_art.py); target: hand-drawn or generated from neutral reference,assets/prompts/characters/mirren_hopeful.txt,assets/prompts/UI/STYLE.md,neutral,,original (repository),da37ec510468e90f83dc0597e43c82278e914bf82ca69b936510e62e3e6113a1,procedural_candidate,candidate,pending,integrated,
portrait_mirren_broken,portrait,mirren,broken,Speaker portrait for Mirren Dray (broken),mirren_broken.png,assets/portraits/,512,640,4:5,yes,head centre at 42% height; nothing within 24px of edges,procedural (tools/build_art.py); target: hand-drawn or generated from neutral reference,assets/prompts/characters/mirren_broken.txt,assets/prompts/UI/STYLE.md,neutral,,original (repository),e626098271baa428a1123c34bbb5e0696300a45fbcc593a20a9c39e5da8e85ea,procedural_candidate,candidate,pending,integrated,
portrait_pell_beaming,portrait,pell,beaming,Speaker portrait for Gideon Pell (beaming),pell_beaming.png,assets/portraits/,512,640,4:5,yes,head centre at 42% height; nothing within 24px of edges,procedural (tools/build_art.py); target: hand-drawn or generated from neutral reference,assets/prompts/characters/pell_beaming.txt,assets/prompts/UI/STYLE.md,neutral,,original (repository),439b137904a5fc7fd93cc34040004c3c946acb2ba61d5b6928a4b567ca5e3df9,procedural_candidate,candidate,pending,integrated,
portrait_pell_neutral,portrait,pell,neutral,Speaker portrait for Gideon Pell (neutral),pell_neutral.png,assets/portraits/,512,640,4:5,yes,head centre at 42% height; nothing within 24px of edges,procedural (tools/build_art.py); target: hand-drawn or generated from neutral reference,assets/prompts/characters/pell_neutral.txt,assets/prompts/UI/STYLE.md,none,,original (repository),84adba698cfa2834a25cb2b7f844118da897d0af5e26601b71c87e9ef4743efe,procedural_candidate,candidate,pending,integrated,
portrait_pell_wounded,portrait,pell,wounded,Speaker portrait for Gideon Pell (wounded),pell_wounded.png,assets/portraits/,512,640,4:5,yes,head centre at 42% height; nothing within 24px of edges,procedural (tools/build_art.py); target: hand-drawn or generated from neutral reference,assets/prompts/characters/pell_wounded.txt,assets/prompts/UI/STYLE.md,neutral,,original (repository),963b73f92be92739298dfb30f33bcfecaf683e98cfff8a10cfda24f6b5a290ab,procedural_candidate,candidate,pending,integrated,
portrait_pell_stern,portrait,pell,stern,Speaker portrait for Gideon Pell (stern),pell_stern.png,assets/portraits/,512,640,4:5,yes,head centre at 42% height; nothing within 24px of edges,procedural (tools/build_art.py); target: hand-drawn or generated from neutral reference,assets/prompts/characters/pell_stern.txt,assets/prompts/UI/STYLE.md,neutral,,original (repository),db6921e4b6321b305511668effa2c4278b924fc3c9d0154a46c02ae02837509d,procedural_candidate,candidate,pending,integrated,
portrait_petronel_neutral,portrait,petronel,neutral,Speaker portrait for Petronel Ashby (neutral),petronel_neutral.png,assets/portraits/,512,640,4:5,yes,head centre at 42% height; nothing within 24px of edges,procedural (tools/build_art.py); target: hand-drawn or generated from neutral reference,assets/prompts/characters/petronel_neutral.txt,assets/prompts/UI/STYLE.md,none,,original (repository),9b22136c4e103d840905f06c71604c7e0f428c203fada6eb5c5304d3c5e55164,procedural_candidate,candidate,pending,integrated,
portrait_petronel_singing,portrait,petronel,singing,Speaker portrait for Petronel Ashby (singing),petronel_singing.png,assets/portraits/,512,640,4:5,yes,head centre at 42% height; nothing within 24px of edges,procedural (tools/build_art.py); target: hand-drawn or generated from neutral reference,assets/prompts/characters/petronel_singing.txt,assets/prompts/UI/STYLE.md,neutral,,original (repository),922df7907b8117c5fbdaba93e0f8ea049e384319a8634b1923589913135cd3ca,procedural_candidate,candidate,pending,integrated,
portrait_quenn_worried,portrait,quenn,worried,Speaker portrait for Tamsin Quenn (worried),quenn_worried.png,assets/portraits/,512,640,4:5,yes,head centre at 42% height; nothing within 24px of edges,procedural (tools/build_art.py); target: hand-drawn or generated from neutral reference,assets/prompts/characters/quenn_worried.txt,assets/prompts/UI/STYLE.md,neutral,,original (repository),4af337a925034f22bf0aa897ab8f7dd64a210648b0d307b54cbef62cc4551d9d,procedural_candidate,candidate,pending,integrated,
portrait_quenn_absorbed,portrait,quenn,absorbed,Speaker portrait for Tamsin Quenn (absorbed),quenn_absorbed.png,assets/portraits/,512,640,4:5,yes,head centre at 42% height; nothing within 24px of edges,procedural (tools/build_art.py); target: hand-drawn or generated from neutral reference,assets/prompts/characters/quenn_absorbed.txt,assets/prompts/UI/STYLE.md,neutral,,original (repository),055f9399cdb85a6d732bd88fd93afdbeba759e1b43b23f11daad7cdd03cd800f,procedural_candidate,candidate,pending,integrated,
portrait_quenn_neutral,portrait,quenn,neutral,Speaker portrait for Tamsin Quenn (neutral),quenn_neutral.png,assets/portraits/,512,640,4:5,yes,head centre at 42% height; nothing within 24px of edges,procedural (tools/build_art.py); target: hand-drawn or generated from neutral reference,assets/prompts/characters/quenn_neutral.txt,assets/prompts/UI/STYLE.md,none,,original (repository),52742aa654c9a801d8b4631677baa07b4eec68374847e564894c9cc06cc40c34,procedural_candidate,candidate,pending,integrated,
portrait_quenn_resolved,portrait,quenn,resolved,Speaker portrait for Tamsin Quenn (resolved),quenn_resolved.png,assets/portraits/,512,640,4:5,yes,head centre at 42% height; nothing within 24px of edges,procedural (tools/build_art.py); target: hand-drawn or generated from neutral reference,assets/prompts/characters/quenn_resolved.txt,assets/prompts/UI/STYLE.md,neutral,,original (repository),999a8e204036cbd3a9f2193541d9ccbab58d79cc4b9537a1e814b1ace819248f,procedural_candidate,candidate,pending,integrated,
portrait_solas_neutral,portrait,solas,neutral,Speaker portrait for Captain Ferrant Solas (neutral),solas_neutral.png,assets/portraits/,512,640,4:5,yes,head centre at 42% height; nothing within 24px of edges,procedural (tools/build_art.py); target: hand-drawn or generated from neutral reference,assets/prompts/characters/solas_neutral.txt,assets/prompts/UI/STYLE.md,none,,original (repository),bf48dea7c976b240c182e07ff1d26d8ef81681fc8ce0bf60518716acb39c75a6,procedural_candidate,candidate,pending,integrated,
portrait_solas_weary,portrait,solas,weary,Speaker portrait for Captain Ferrant Solas (weary),solas_weary.png,assets/portraits/,512,640,4:5,yes,head centre at 42% height; nothing within 24px of edges,procedural (tools/build_art.py); target: hand-drawn or generated from neutral reference,assets/prompts/characters/solas_weary.txt,assets/prompts/UI/STYLE.md,neutral,,original (repository),9a490e49b5f66f88ae189c4d6c36d2c0da0dd103560e1b671638cb5cc1331c15,procedural_candidate,candidate,pending,integrated,
portrait_solas_hard,portrait,solas,hard,Speaker portrait for Captain Ferrant Solas (hard),solas_hard.png,assets/portraits/,512,640,4:5,yes,head centre at 42% height; nothing within 24px of edges,procedural (tools/build_art.py); target: hand-drawn or generated from neutral reference,assets/prompts/characters/solas_hard.txt,assets/prompts/UI/STYLE.md,neutral,,original (repository),188aea17c1992d97c88539d50d431905a4797c176da38b7a56ede6257201c998,procedural_candidate,candidate,pending,integrated,
portrait_solas_almost_smiling,portrait,solas,almost_smiling,Speaker portrait for Captain Ferrant Solas (almost_smiling),solas_almost_smiling.png,assets/portraits/,512,640,4:5,yes,head centre at 42% height; nothing within 24px of edges,procedural (tools/build_art.py); target: hand-drawn or generated from neutral reference,assets/prompts/characters/solas_almost_smiling.txt,assets/prompts/UI/STYLE.md,neutral,,original (repository),b879db7a8a5a003cc1492c97eb694dec55e7122b80f73351104b3cee09e10cca,procedural_candidate,candidate,pending,integrated,
portrait_src_gate_neutral,portrait,src_gate,neutral,Speaker portrait for At the Gate (neutral),src_gate_neutral.png,assets/portraits/,512,640,4:5,yes,head centre at 42% height; nothing within 24px of edges,procedural (tools/build_art.py); target: hand-drawn or generated from neutral reference,assets/prompts/characters/src_gate_neutral.txt,assets/prompts/UI/STYLE.md,none,,original (repository),9b627c4ef984be0ffb677ff34ace38db3c44c90e0d20b17e438875255c94bbc2,procedural_candidate,candidate,pending,integrated,
portrait_src_ledger_neutral,portrait,src_ledger,neutral,Speaker portrait for The Keeper's Ledger (neutral),src_ledger_neutral.png,assets/portraits/,512,640,4:5,yes,head centre at 42% height; nothing within 24px of edges,procedural (tools/build_art.py); target: hand-drawn or generated from neutral reference,assets/prompts/characters/src_ledger_neutral.txt,assets/prompts/UI/STYLE.md,none,,original (repository),436e2c988c96910693d564b49883cf46975b1e279425cc3c5cb39107e6aad78b,procedural_candidate,candidate,pending,integrated,
portrait_src_stranger_neutral,portrait,src_stranger,neutral,Speaker portrait for A Stranger (neutral),src_stranger_neutral.png,assets/portraits/,512,640,4:5,yes,head centre at 42% height; nothing within 24px of edges,procedural (tools/build_art.py); target: hand-drawn or generated from neutral reference,assets/prompts/characters/src_stranger_neutral.txt,assets/prompts/UI/STYLE.md,none,,original (repository),0237f3cf7b37b7a859ea2427531d839fa71ef70594774a51a9256587b3f82b74,procedural_candidate,candidate,pending,integrated,
portrait_src_telegram_neutral,portrait,src_telegram,neutral,Speaker portrait for Telegram (neutral),src_telegram_neutral.png,assets/portraits/,512,640,4:5,yes,head centre at 42% height; nothing within 24px of edges,procedural (tools/build_art.py); target: hand-drawn or generated from neutral reference,assets/prompts/characters/src_telegram_neutral.txt,assets/prompts/UI/STYLE.md,none,,original (repository),b249c6d341c04ce5ebd682819d9051e75cb6924629d555878326c07c6299dec3,procedural_candidate,candidate,pending,integrated,
portrait_src_weather_neutral,portrait,src_weather,neutral,Speaker portrait for The Pound (neutral),src_weather_neutral.png,assets/portraits/,512,640,4:5,yes,head centre at 42% height; nothing within 24px of edges,procedural (tools/build_art.py); target: hand-drawn or generated from neutral reference,assets/prompts/characters/src_weather_neutral.txt,assets/prompts/UI/STYLE.md,none,,original (repository),3a5186b1e731b40c43037db5d7ce6d0958035e279566923db9de9f3cd84032dd,procedural_candidate,candidate,pending,integrated,
portrait_stroud_neutral,portrait,stroud,neutral,Speaker portrait for Dr. Aurelie Stroud (neutral),stroud_neutral.png,assets/portraits/,512,640,4:5,yes,head centre at 42% height; nothing within 24px of edges,procedural (tools/build_art.py); target: hand-drawn or generated from neutral reference,assets/prompts/characters/stroud_neutral.txt,assets/prompts/UI/STYLE.md,none,,original (repository),32d7ef11aea34de18d12ad43300256150a27df885f643965b7e0a3f1e4ab5bd5,procedural_candidate,candidate,pending,integrated,
portrait_stroud_grave,portrait,stroud,grave,Speaker portrait for Dr. Aurelie Stroud (grave),stroud_grave.png,assets/portraits/,512,640,4:5,yes,head centre at 42% height; nothing within 24px of edges,procedural (tools/build_art.py); target: hand-drawn or generated from neutral reference,assets/prompts/characters/stroud_grave.txt,assets/prompts/UI/STYLE.md,neutral,,original (repository),30ab295405dc910ec81de6cd13cd8414abf22628a5ab9b11bbdd489bf57cfe0c,procedural_candidate,candidate,pending,integrated,
portrait_tamm_neutral,portrait,tamm,neutral,Speaker portrait for Jory Tamm (neutral),tamm_neutral.png,assets/portraits/,512,640,4:5,yes,head centre at 42% height; nothing within 24px of edges,procedural (tools/build_art.py); target: hand-drawn or generated from neutral reference,assets/prompts/characters/tamm_neutral.txt,assets/prompts/UI/STYLE.md,none,,original (repository),b778ebdf88a443f63906f064ca55c9f64d1a2cec67fe56373f958fba357e331e,procedural_candidate,candidate,pending,integrated,
portrait_tamm_doubtful,portrait,tamm,doubtful,Speaker portrait for Jory Tamm (doubtful),tamm_doubtful.png,assets/portraits/,512,640,4:5,yes,head centre at 42% height; nothing within 24px of edges,procedural (tools/build_art.py); target: hand-drawn or generated from neutral reference,assets/prompts/characters/tamm_doubtful.txt,assets/prompts/UI/STYLE.md,neutral,,original (repository),bc17832cc4c0105c75b4457e833eeeb9db181c665ff3edbb14cd2dbf606e7de4,procedural_candidate,candidate,pending,integrated,
portrait_tobin_neutral,portrait,tobin,neutral,Speaker portrait for Old Tobin (neutral),tobin_neutral.png,assets/portraits/,512,640,4:5,yes,head centre at 42% height; nothing within 24px of edges,procedural (tools/build_art.py); target: hand-drawn or generated from neutral reference,assets/prompts/characters/tobin_neutral.txt,assets/prompts/UI/STYLE.md,none,,original (repository),fb2691afac38f2c9d4da5866d84ea8baffa2f5d70b3d33770e19feec9f073f0f,procedural_candidate,candidate,pending,integrated,
portrait_tobin_remembering,portrait,tobin,remembering,Speaker portrait for Old Tobin (remembering),tobin_remembering.png,assets/portraits/,512,640,4:5,yes,head centre at 42% height; nothing within 24px of edges,procedural (tools/build_art.py); target: hand-drawn or generated from neutral reference,assets/prompts/characters/tobin_remembering.txt,assets/prompts/UI/STYLE.md,neutral,,original (repository),76b227c86ec211a12508f5262073902c694e48ddadad949d4c5852efad2d744d,procedural_candidate,candidate,pending,integrated,
portrait_vane_brisk,portrait,vane,brisk,Speaker portrait for Nessa Vane (brisk),vane_brisk.png,assets/portraits/,512,640,4:5,yes,head centre at 42% height; nothing within 24px of edges,procedural (tools/build_art.py); target: hand-drawn or generated from neutral reference,assets/prompts/characters/vane_brisk.txt,assets/prompts/UI/STYLE.md,neutral,,original (repository),e444487aa6d40bb3db8a5dcd39c5a4d118ad0b1b27186f23f9d7648df9f2d81d,procedural_candidate,candidate,pending,integrated,
portrait_vane_neutral,portrait,vane,neutral,Speaker portrait for Nessa Vane (neutral),vane_neutral.png,assets/portraits/,512,640,4:5,yes,head centre at 42% height; nothing within 24px of edges,procedural (tools/build_art.py); target: hand-drawn or generated from neutral reference,assets/prompts/characters/vane_neutral.txt,assets/prompts/UI/STYLE.md,none,,original (repository),daa7ed264ceff9bb9937a0d2e8ec419577693d95bc3ab517ab7c6dff8b70dd9b,procedural_candidate,candidate,pending,integrated,
portrait_vane_amused,portrait,vane,amused,Speaker portrait for Nessa Vane (amused),vane_amused.png,assets/portraits/,512,640,4:5,yes,head centre at 42% height; nothing within 24px of edges,procedural (tools/build_art.py); target: hand-drawn or generated from neutral reference,assets/prompts/characters/vane_amused.txt,assets/prompts/UI/STYLE.md,neutral,,original (repository),a22943ab004683ef1f2699b6fbf6ba3a46f0e231ac98119d159bcbb19650693d,procedural_candidate,candidate,pending,integrated,
portrait_vane_furious,portrait,vane,furious,Speaker portrait for Nessa Vane (furious),vane_furious.png,assets/portraits/,512,640,4:5,yes,head centre at 42% height; nothing within 24px of edges,procedural (tools/build_art.py); target: hand-drawn or generated from neutral reference,assets/prompts/characters/vane_furious.txt,assets/prompts/UI/STYLE.md,neutral,,original (repository),86fc540abe7640e2f94f30f0f8d70bf4b375127baaf4357d8efe260d18ac412b,procedural_candidate,candidate,pending,integrated,
portrait_vosk_neutral,portrait,vosk,neutral,Speaker portrait for Odile Vosk (neutral),vosk_neutral.png,assets/portraits/,512,640,4:5,yes,head centre at 42% height; nothing within 24px of edges,procedural (tools/build_art.py); target: hand-drawn or generated from neutral reference,assets/prompts/characters/vosk_neutral.txt,assets/prompts/UI/STYLE.md,none,,original (repository),73b617fccdce4b60603f89b434eecc843d2ed00da70528dcd2305c389b339851,procedural_candidate,candidate,pending,integrated,
portrait_vosk_measuring,portrait,vosk,measuring,Speaker portrait for Odile Vosk (measuring),vosk_measuring.png,assets/portraits/,512,640,4:5,yes,head centre at 42% height; nothing within 24px of edges,procedural (tools/build_art.py); target: hand-drawn or generated from neutral reference,assets/prompts/characters/vosk_measuring.txt,assets/prompts/UI/STYLE.md,neutral,,original (repository),147fa506f75b9547e0711b27ce3d83f889a12f64c816deefc494886dbf8ac9ff,procedural_candidate,candidate,pending,integrated,
portrait_vosk_tired,portrait,vosk,tired,Speaker portrait for Odile Vosk (tired),vosk_tired.png,assets/portraits/,512,640,4:5,yes,head centre at 42% height; nothing within 24px of edges,procedural (tools/build_art.py); target: hand-drawn or generated from neutral reference,assets/prompts/characters/vosk_tired.txt,assets/prompts/UI/STYLE.md,neutral,,original (repository),8aafd762668f9017531bff5c0a5134a527a9c0e7333142e52953af3aa2cea414,procedural_candidate,candidate,pending,integrated,
portrait_vosk_rare_warmth,portrait,vosk,rare_warmth,Speaker portrait for Odile Vosk (rare_warmth),vosk_rare_warmth.png,assets/portraits/,512,640,4:5,yes,head centre at 42% height; nothing within 24px of edges,procedural (tools/build_art.py); target: hand-drawn or generated from neutral reference,assets/prompts/characters/vosk_rare_warmth.txt,assets/prompts/UI/STYLE.md,neutral,,original (repository),dd956d76b5df1fe7ef6eb2460266a30f1a58a8dec67dacff450abbc9300becd5,procedural_candidate,candidate,pending,integrated,
portrait_wren_grinning,portrait,wren,grinning,Speaker portrait for Wren Ashby (grinning),wren_grinning.png,assets/portraits/,512,640,4:5,yes,head centre at 42% height; nothing within 24px of edges,procedural (tools/build_art.py); target: hand-drawn or generated from neutral reference,assets/prompts/characters/wren_grinning.txt,assets/prompts/UI/STYLE.md,neutral,,original (repository),9c388a942ecf6ebed9bd61604e58ad1a5be4540d8273e7e88f3dbbf44f348a54,procedural_candidate,candidate,pending,integrated,
portrait_wren_neutral,portrait,wren,neutral,Speaker portrait for Wren Ashby (neutral),wren_neutral.png,assets/portraits/,512,640,4:5,yes,head centre at 42% height; nothing within 24px of edges,procedural (tools/build_art.py); target: hand-drawn or generated from neutral reference,assets/prompts/characters/wren_neutral.txt,assets/prompts/UI/STYLE.md,none,,original (repository),098ba54c426c84c66960391fdc492843b302bf7b2c6ef0f08ef0e0734e2df98c,procedural_candidate,candidate,pending,integrated,
portrait_wren_caught,portrait,wren,caught,Speaker portrait for Wren Ashby (caught),wren_caught.png,assets/portraits/,512,640,4:5,yes,head centre at 42% height; nothing within 24px of edges,procedural (tools/build_art.py); target: hand-drawn or generated from neutral reference,assets/prompts/characters/wren_caught.txt,assets/prompts/UI/STYLE.md,neutral,,original (repository),2a7866449f1209cff466911e232a57c705a5ef53822b169d134749d7d064ccc3,procedural_candidate,candidate,pending,integrated,
portrait_wren_serious,portrait,wren,serious,Speaker portrait for Wren Ashby (serious),wren_serious.png,assets/portraits/,512,640,4:5,yes,head centre at 42% height; nothing within 24px of edges,procedural (tools/build_art.py); target: hand-drawn or generated from neutral reference,assets/prompts/characters/wren_serious.txt,assets/prompts/UI/STYLE.md,neutral,,original (repository),22c1b7f253d2b6a8ebcfa03d27777465355e76b5f85628f802a5f2f088542881,procedural_candidate,candidate,pending,integrated,
icon_res_water,icon,,,Water: wave with level tick,res_water.png,assets/icons/,64,64,1:1,yes,14% margin,procedural (tools/build_art.py),assets/prompts/UI/res_water.txt,assets/prompts/UI/STYLE.md,none,,original (repository),6ad3d8edaa4b73422ed8e7d8483d9a35461b52c6dfc19d56585003801ac4787a,procedural_candidate,candidate,pending,integrated,
icon_res_water_2x,icon,,,Water: wave with level tick,res_water@2x.png,assets/icons/,128,128,1:1,yes,14% margin,procedural (tools/build_art.py),assets/prompts/UI/res_water.txt,assets/prompts/UI/STYLE.md,none,,original (repository),5e507688a3ff94c0b061dbfcfd1c0c475e04eb89497837aeb702a52a10e56f30,procedural_candidate,candidate,pending,integrated,
icon_res_water_danger,icon,,,"Water: wave with level tick — critical state, cracked outline",res_water_danger.png,assets/icons/,64,64,1:1,yes,14% margin,procedural (tools/build_art.py),assets/prompts/UI/res_water.txt,assets/prompts/UI/STYLE.md,none,,original (repository),dcc8d0d4d8a5de90fcf14223b33c1b0147733b36ab21dc2abfceaeca503d5f40,procedural_candidate,candidate,pending,integrated,
icon_res_traffic,icon,,,Traffic: two opposed arrows,res_traffic.png,assets/icons/,64,64,1:1,yes,14% margin,procedural (tools/build_art.py),assets/prompts/UI/res_traffic.txt,assets/prompts/UI/STYLE.md,none,,original (repository),7545d1d6689fbcad64e8291a13c4eaa13f183348ae281ad9420a47c269892e72,procedural_candidate,candidate,pending,integrated,
icon_res_traffic_2x,icon,,,Traffic: two opposed arrows,res_traffic@2x.png,assets/icons/,128,128,1:1,yes,14% margin,procedural (tools/build_art.py),assets/prompts/UI/res_traffic.txt,assets/prompts/UI/STYLE.md,none,,original (repository),f25da5a971389158d0d11559da9cfcb684ce9957a1b2f09f633226b2316f61cb,procedural_candidate,candidate,pending,integrated,
icon_res_traffic_danger,icon,,,"Traffic: two opposed arrows — critical state, cracked outline",res_traffic_danger.png,assets/icons/,64,64,1:1,yes,14% margin,procedural (tools/build_art.py),assets/prompts/UI/res_traffic.txt,assets/prompts/UI/STYLE.md,none,,original (repository),efcbfdc21029a93731617e27c49e1576f20412fbdef3cf9f7d7aa6d4dc5f040f,procedural_candidate,candidate,pending,integrated,
icon_res_coffers,icon,,,Coffers: strapped chest,res_coffers.png,assets/icons/,64,64,1:1,yes,14% margin,procedural (tools/build_art.py),assets/prompts/UI/res_coffers.txt,assets/prompts/UI/STYLE.md,none,,original (repository),cabfe07a86ff97f5830be68476093c92c0e27846f7a8d448ecfc226dab866f57,procedural_candidate,candidate,pending,integrated,
icon_res_coffers_2x,icon,,,Coffers: strapped chest,res_coffers@2x.png,assets/icons/,128,128,1:1,yes,14% margin,procedural (tools/build_art.py),assets/prompts/UI/res_coffers.txt,assets/prompts/UI/STYLE.md,none,,original (repository),dacb5e27a4b3d4274289b82d716936e1de9b4cebf46e1ccf717d27a38948ca17,procedural_candidate,candidate,pending,integrated,
icon_res_coffers_danger,icon,,,"Coffers: strapped chest — critical state, cracked outline",res_coffers_danger.png,assets/icons/,64,64,1:1,yes,14% margin,procedural (tools/build_art.py),assets/prompts/UI/res_coffers.txt,assets/prompts/UI/STYLE.md,none,,original (repository),e06f9cafcb3f844ac7f452cc99f8005bb3cc6bb79ae62c574b1c5420cee9335d,procedural_candidate,candidate,pending,integrated,
icon_res_company,icon,,,Company: sealed charter scroll,res_company.png,assets/icons/,64,64,1:1,yes,14% margin,procedural (tools/build_art.py),assets/prompts/UI/res_company.txt,assets/prompts/UI/STYLE.md,none,,original (repository),dbedfbc275ef002fe63e2618c6ea1bfc919e224d9fe6c0e42a2b8bb97f7c74df,procedural_candidate,candidate,pending,integrated,
icon_res_company_2x,icon,,,Company: sealed charter scroll,res_company@2x.png,assets/icons/,128,128,1:1,yes,14% margin,procedural (tools/build_art.py),assets/prompts/UI/res_company.txt,assets/prompts/UI/STYLE.md,none,,original (repository),5e033b8b933654d15bb40c33d06291f34a88278c21fcbb1759353efcc6bee0d6,procedural_candidate,candidate,pending,integrated,
icon_res_company_danger,icon,,,"Company: sealed charter scroll — critical state, cracked outline",res_company_danger.png,assets/icons/,64,64,1:1,yes,14% margin,procedural (tools/build_art.py),assets/prompts/UI/res_company.txt,assets/prompts/UI/STYLE.md,none,,original (repository),2cf3abf8cb75865fad3846eb377046e665be625dfcec9a29f4a0603f34522d67,procedural_candidate,candidate,pending,integrated,
icon_res_town,icon,,,Town: lamp on post,res_town.png,assets/icons/,64,64,1:1,yes,14% margin,procedural (tools/build_art.py),assets/prompts/UI/res_town.txt,assets/prompts/UI/STYLE.md,none,,original (repository),ef60e107c4b3d35db83963167248c4917a15759e8858840b130778456a382e9a,procedural_candidate,candidate,pending,integrated,
icon_res_town_2x,icon,,,Town: lamp on post,res_town@2x.png,assets/icons/,128,128,1:1,yes,14% margin,procedural (tools/build_art.py),assets/prompts/UI/res_town.txt,assets/prompts/UI/STYLE.md,none,,original (repository),3fec7c60ee7101eeb22bdd1ee8348f695bcfe5e819d317231d74a44e9b184832,procedural_candidate,candidate,pending,integrated,
icon_res_town_danger,icon,,,"Town: lamp on post — critical state, cracked outline",res_town_danger.png,assets/icons/,64,64,1:1,yes,14% margin,procedural (tools/build_art.py),assets/prompts/UI/res_town.txt,assets/prompts/UI/STYLE.md,none,,original (repository),b66deca0ea237c1f2242c3c0b8f608e4754e9964a3eb6e2843142b313516b310,procedural_candidate,candidate,pending,integrated,
icon_fac_company,icon,,,Company gear-and-wave,fac_company.png,assets/icons/,64,64,1:1,yes,14% margin,procedural (tools/build_art.py),assets/prompts/UI/fac_company.txt,assets/prompts/UI/STYLE.md,none,,original (repository),a5dfa56a410c628511800b761aa71b2b9a315713fbe5492f2c02ab8a3f2784df,procedural_candidate,candidate,pending,integrated,
icon_fac_company_2x,icon,,,Company gear-and-wave,fac_company@2x.png,assets/icons/,128,128,1:1,yes,14% margin,procedural (tools/build_art.py),assets/prompts/UI/fac_company.txt,assets/prompts/UI/STYLE.md,none,,original (repository),5e9a91fb7cd84809fd804bad10fa4452398be7d8bd544b3755f2634026a1754c,procedural_candidate,candidate,pending,integrated,
icon_fac_town,icon,,,Town lamp (ringed),fac_town.png,assets/icons/,64,64,1:1,yes,14% margin,procedural (tools/build_art.py),assets/prompts/UI/fac_town.txt,assets/prompts/UI/STYLE.md,none,,original (repository),4602e7729601d92ba5af009911b4b693f8c39cac85e839b719abbf83936d4072,procedural_candidate,candidate,pending,integrated,
icon_fac_town_2x,icon,,,Town lamp (ringed),fac_town@2x.png,assets/icons/,128,128,1:1,yes,14% margin,procedural (tools/build_art.py),assets/prompts/UI/fac_town.txt,assets/prompts/UI/STYLE.md,none,,original (repository),75e8b5c845fff2189a303b0a52e8b75f0b02bcd9728544619fe94b2db8de42e8,procedural_candidate,candidate,pending,integrated,
icon_fac_hullfolk,icon,,,Hullfolk reed knot,fac_hullfolk.png,assets/icons/,64,64,1:1,yes,14% margin,procedural (tools/build_art.py),assets/prompts/UI/fac_hullfolk.txt,assets/prompts/UI/STYLE.md,none,,original (repository),3723fcac1ac71688f3c8e7b74e850da681d75623f2b9bc4cc31f0fb0402c1df7,procedural_candidate,candidate,pending,integrated,
icon_fac_hullfolk_2x,icon,,,Hullfolk reed knot,fac_hullfolk@2x.png,assets/icons/,128,128,1:1,yes,14% margin,procedural (tools/build_art.py),assets/prompts/UI/fac_hullfolk.txt,assets/prompts/UI/STYLE.md,none,,original (repository),5cd2ccb6163dd316aaaa999b6e469365cfdef655eca1847bf4633a17d7a049d7,procedural_candidate,candidate,pending,integrated,
icon_fac_aldmere,icon,,,Aldmere sheaf,fac_aldmere.png,assets/icons/,64,64,1:1,yes,14% margin,procedural (tools/build_art.py),assets/prompts/UI/fac_aldmere.txt,assets/prompts/UI/STYLE.md,none,,original (repository),90f9505eadf1bf36e25b6f06a1084f861b034e827a4119eb32ef9d36ae901794,procedural_candidate,candidate,pending,integrated,
icon_fac_aldmere_2x,icon,,,Aldmere sheaf,fac_aldmere@2x.png,assets/icons/,128,128,1:1,yes,14% margin,procedural (tools/build_art.py),assets/prompts/UI/fac_aldmere.txt,assets/prompts/UI/STYLE.md,none,,original (repository),44f00866085bc5db875f3679d3f303fa49bb46f6dd81fae35f3f5e92036735fe,procedural_candidate,candidate,pending,integrated,
icon_fac_sorrel,icon,,,Sorrel hammer,fac_sorrel.png,assets/icons/,64,64,1:1,yes,14% margin,procedural (tools/build_art.py),assets/prompts/UI/fac_sorrel.txt,assets/prompts/UI/STYLE.md,none,,original (repository),589eab5a316cbdb6c722b3f0e884b8b36d40c2ac161ba526942454cca127ae5b,procedural_candidate,candidate,pending,integrated,
icon_fac_sorrel_2x,icon,,,Sorrel hammer,fac_sorrel@2x.png,assets/icons/,128,128,1:1,yes,14% margin,procedural (tools/build_art.py),assets/prompts/UI/fac_sorrel.txt,assets/prompts/UI/STYLE.md,none,,original (repository),d7a5c130276f9b294f8478d17f748772ac884639cdebf90946cde79557590eef,procedural_candidate,candidate,pending,integrated,
icon_fac_concordance,icon,,,Concordance still-water circle,fac_concordance.png,assets/icons/,64,64,1:1,yes,14% margin,procedural (tools/build_art.py),assets/prompts/UI/fac_concordance.txt,assets/prompts/UI/STYLE.md,none,,original (repository),025feedc124c4f4a3da432f0d215347329a8b6c29531d788a437973ecce0d745,procedural_candidate,candidate,pending,integrated,
icon_fac_concordance_2x,icon,,,Concordance still-water circle,fac_concordance@2x.png,assets/icons/,128,128,1:1,yes,14% margin,procedural (tools/build_art.py),assets/prompts/UI/fac_concordance.txt,assets/prompts/UI/STYLE.md,none,,original (repository),8579437f2f7f83b84de1a27723261c789a0157eeca0e94fcbc950b0fa3900ca0,procedural_candidate,candidate,pending,integrated,
app_icon,app_icon,,,Application icon: gear-and-wave on Pound Green,app_icon.png,assets/icons/,512,512,1:1,no,10% margin,procedural (tools/build_art.py),assets/prompts/UI/app_icon.txt,assets/prompts/UI/STYLE.md,none,,original (repository),12002cc5acd5015cd5399d55ab44c0d86424be8c1e74f0c12ed1a40600b5102c,procedural_candidate,candidate,pending,integrated,
app_icon_192,app_icon,,,Android launcher icon,app_icon_192.png,assets/icons/,192,192,1:1,no,10% margin,procedural (tools/build_art.py),assets/prompts/UI/app_icon.txt,assets/prompts/UI/STYLE.md,none,,original (repository),e96af3433d80e9d155c5ae4ec0883c0650f15b5edf76cd02d6bcf17106506154,procedural_candidate,candidate,pending,integrated,
ui_card_front,ui,,,"Card front: chalk paper, docket corner, ≤6% grain",card_front.png,assets/ui/,640,1100,640:1100,yes,n/a,procedural (tools/build_art.py),assets/prompts/UI/card_front.txt,assets/prompts/UI/STYLE.md,none,,original (repository),a9fe34eddd79b78e74743d69b7f6a2dc6d9fc0cc87451d5a484859505e053d4d,procedural_candidate,candidate,pending,integrated,
ui_card_back,ui,,,Card back: wet slate with charter-green gear-and-wave,card_back.png,assets/ui/,640,1100,640:1100,yes,n/a,procedural (tools/build_art.py),assets/prompts/UI/card_back.txt,assets/prompts/UI/STYLE.md,none,,original (repository),5eb36680be6c31fdfdc8617a375cc3cafabe41f30dd160f5419cfa071e33237c,procedural_candidate,candidate,pending,integrated,
ui_button_normal,ui,,,"Docket button, normal",button_normal.png,assets/ui/,256,96,256:96,yes,n/a,procedural (tools/build_art.py),assets/prompts/UI/button_normal.txt,assets/prompts/UI/STYLE.md,none,,original (repository),d9b380a75ffe18e7130079152e509f2c47443a87ed2d8592ab87838bd21f0d19,procedural_candidate,candidate,pending,integrated,
ui_button_focus,ui,,,"Docket button, amber focus ring",button_focus.png,assets/ui/,256,96,256:96,yes,n/a,procedural (tools/build_art.py),assets/prompts/UI/button_focus.txt,assets/prompts/UI/STYLE.md,none,,original (repository),d88f1d062bfae8c4136a1e5f6db4127612429b46ff658d46f38a3d6c57b97a51,procedural_candidate,candidate,pending,integrated,
ui_button_pressed,ui,,,"Docket button, pressed",button_pressed.png,assets/ui/,256,96,256:96,yes,n/a,procedural (tools/build_art.py),assets/prompts/UI/button_pressed.txt,assets/prompts/UI/STYLE.md,none,,original (repository),c715a080ee7b9457b7aff4c12182af6dd8dc6b1ad7b3fcac3f453fba2867ca34,procedural_candidate,candidate,pending,integrated,
ui_focus_ring,ui,,,Keyboard focus indicator,focus_ring.png,assets/ui/,128,128,128:128,yes,n/a,procedural (tools/build_art.py),assets/prompts/UI/focus_ring.txt,assets/prompts/UI/STYLE.md,none,,original (repository),51d2652032b5a7edebce20f2201b087c8aad68016736952811ad139e8f420316,procedural_candidate,candidate,pending,integrated,
ui_arrow_left,ui,,,Decision arrow left,arrow_left.png,assets/ui/,96,96,96:96,yes,n/a,procedural (tools/build_art.py),assets/prompts/UI/arrow_left.txt,assets/prompts/UI/STYLE.md,none,,original (repository),fe369c3c43cc2ad9086eeece8f75eaca77571db9945933a70ed1878d8767b966,procedural_candidate,candidate,pending,integrated,
ui_arrow_right,ui,,,Decision arrow right,arrow_right.png,assets/ui/,96,96,96:96,yes,n/a,procedural (tools/build_art.py),assets/prompts/UI/arrow_right.txt,assets/prompts/UI/STYLE.md,none,,original (repository),60b5941d50a68a958d646f66d0361766c336d3bb599d1de9aaf94f01dbd7c947,procedural_candidate,candidate,pending,integrated,
ui_paper_tile,ui,,,Tileable paper grain,paper_tile.png,assets/ui/,256,256,256:256,no,n/a,procedural (tools/build_art.py),assets/prompts/UI/paper_tile.txt,assets/prompts/UI/STYLE.md,none,,original (repository),8dcfa7e4ec0fe12d1790a568f925bcfe91206b8cf0a87f567b95c943003aaac5,procedural_candidate,candidate,pending,integrated,
ui_gauge_frame,ui,,,Brass gauge frame,gauge_frame.png,assets/ui/,512,64,512:64,yes,n/a,procedural (tools/build_art.py),assets/prompts/UI/gauge_frame.txt,assets/prompts/UI/STYLE.md,none,,original (repository),d7f00a18b2f5ed373352ca53ec34ddba52ed69c0aaa95e902b07d04792103755,procedural_candidate,candidate,pending,integrated,
ui_gauge_needle,ui,,,Gauge needle,gauge_needle.png,assets/ui/,24,64,24:64,yes,n/a,procedural (tools/build_art.py),assets/prompts/UI/gauge_needle.txt,assets/prompts/UI/STYLE.md,none,,original (repository),7b4c9e8f7ae80dfa25e3616cb55cc587c3528a4404c8d53691795eb7fabffd7b,procedural_candidate,candidate,pending,integrated,
ui_warning,ui,,,Warning symbol,warning.png,assets/ui/,96,96,96:96,yes,n/a,procedural (tools/build_art.py),assets/prompts/UI/warning.txt,assets/prompts/UI/STYLE.md,none,,original (repository),a6f6e1fd0a70a587739ec9bbbcdf7cb104cbf14d9fbc361211b6029d2ed19435,procedural_candidate,candidate,pending,integrated,
ui_pattern_canal_map,ui,,,Canal-engineering diagram pattern tile,pattern_canal_map.png,assets/ui/,512,512,512:512,yes,n/a,procedural (tools/build_art.py),assets/prompts/UI/pattern_canal_map.txt,assets/prompts/UI/STYLE.md,none,,original (repository),abcc4b4a2001af7479992574df2296175890467230840e64a6123d545be76448,procedural_candidate,candidate,pending,integrated,
bg_pound_night,background,,,"Main background: the Summit Pound at night from the Keeper's window, lamp lower left, water line at card midline",bg_pound_night.png,assets/backgrounds/,1080,1920,9:16,no,centre third free of detail; 5% edge margin,procedural (tools/build_art.py),assets/prompts/backgrounds/bg_pound_night.txt,assets/prompts/UI/STYLE.md,none,,original (repository),6f25acb4eb15a13b361d049e3ad7a70421a71bfcfce807486ee7729638c8b585,procedural_candidate,candidate,pending,integrated,
bg_title,background,,,Title background: pound at dusk,bg_title.png,assets/backgrounds/,1080,1920,9:16,no,centre third free of detail; 5% edge margin,procedural (tools/build_art.py),assets/prompts/backgrounds/bg_title.txt,assets/prompts/UI/STYLE.md,none,,original (repository),0263cb9c05c456e0f678f04a484d4611186c4eefe6d80399cbe1f7154254f2e3,procedural_candidate,candidate,pending,integrated,
bg_flood,background,,,"Crisis: flood, water high with amber reflections",bg_flood.png,assets/backgrounds/,1080,1920,9:16,no,centre third free of detail; 5% edge margin,procedural (tools/build_art.py),assets/prompts/backgrounds/bg_flood.txt,assets/prompts/UI/STYLE.md,none,,original (repository),bae6380628d617d5f983c08b97cb954f50b58d9542a5d493585fbcd9087b08d7,procedural_candidate,candidate,pending,integrated,
bg_dry,background,,,"Crisis: drought, exposed sills and cracked mud",bg_dry.png,assets/backgrounds/,1080,1920,9:16,no,centre third free of detail; 5% edge margin,procedural (tools/build_art.py),assets/prompts/backgrounds/bg_dry.txt,assets/prompts/UI/STYLE.md,none,,original (repository),11b69b4336d1ae0f502a82c294e45de61deea77f2f5b7405f10c46864f3dc53f,procedural_candidate,candidate,pending,integrated,
bg_frost,background,,,"Crisis: frost, white ice line",bg_frost.png,assets/backgrounds/,1080,1920,9:16,no,centre third free of detail; 5% edge margin,procedural (tools/build_art.py),assets/prompts/backgrounds/bg_frost.txt,assets/prompts/UI/STYLE.md,none,,original (repository),339416908cf20d3935f46633d554bd439a896e68212dccce9c3871571770ba90,procedural_candidate,candidate,pending,integrated,
bg_fire,background,,,Crisis: boatyard fire glow,bg_fire.png,assets/backgrounds/,1080,1920,9:16,no,centre third free of detail; 5% edge margin,procedural (tools/build_art.py),assets/prompts/backgrounds/bg_fire.txt,assets/prompts/UI/STYLE.md,none,,original (repository),285af59d3dcc92ac451a2e5b40ed26ea67dbceb702ad26d0ef6e5ccb67fe65a9,procedural_candidate,candidate,pending,integrated,
bg_riot,background,,,"Crisis: riot, lamps in the town",bg_riot.png,assets/backgrounds/,1080,1920,9:16,no,centre third free of detail; 5% edge margin,procedural (tools/build_art.py),assets/prompts/backgrounds/bg_riot.txt,assets/prompts/UI/STYLE.md,none,,original (repository),a9567d19cc657f04ce910f785171b9587f327f9f5d553abb957eb2a42ecd6f54,procedural_candidate,candidate,pending,integrated,
bg_cut,background,,,"The Marrow Cut: black tunnel, one lamp",bg_cut.png,assets/backgrounds/,1080,1920,9:16,no,centre third free of detail; 5% edge margin,procedural (tools/build_art.py),assets/prompts/backgrounds/bg_cut.txt,assets/prompts/UI/STYLE.md,none,,original (repository),ddcdfc595db1107ace3e6b5bf232746e4a42bdbaf16558b171fda5ee7e5e4e06,procedural_candidate,candidate,pending,integrated,
bg_ending_true,background,,,"True endings: the river returned, green water",bg_ending_true.png,assets/backgrounds/,1080,1920,9:16,no,centre third free of detail; 5% edge margin,procedural (tools/build_art.py),assets/prompts/backgrounds/bg_ending_true.txt,assets/prompts/UI/STYLE.md,none,,original (repository),02b504ef79922b4acce3285e938f0fc16af6857b4135033ab6712387919befbd,procedural_candidate,candidate,pending,integrated,
bg_ending_fail,background,,,"Failure endings: dark, still",bg_ending_fail.png,assets/backgrounds/,1080,1920,9:16,no,centre third free of detail; 5% edge margin,procedural (tools/build_art.py),assets/prompts/backgrounds/bg_ending_fail.txt,assets/prompts/UI/STYLE.md,none,,original (repository),82f81f7d2ac81a55a5ce6319f9d787a0c13dd0852fe34fd4ea9df54aa6baba4f,procedural_candidate,candidate,pending,integrated,
ending_end_res_water_min,ending_illustration,,,Ending screen: The Dry Summit,ending_res_water_min.png,assets/endings/,1080,1080,1:1,no,5% margin,not produced (optional); falls back to background,assets/prompts/endings/end_res_water_min.txt,assets/prompts/UI/STYLE.md,none,,,,placeholder,not_started,pending,missing,optional; Screens.gd shows the ending's background when the illustration is absent
ending_end_res_water_max,ending_illustration,,,Ending screen: The Breach,ending_res_water_max.png,assets/endings/,1080,1080,1:1,no,5% margin,not produced (optional); falls back to background,assets/prompts/endings/end_res_water_max.txt,assets/prompts/UI/STYLE.md,none,,,,placeholder,not_started,pending,missing,optional; Screens.gd shows the ending's background when the illustration is absent
ending_end_res_traffic_min,ending_illustration,,,Ending screen: The Jam,ending_res_traffic_min.png,assets/endings/,1080,1080,1:1,no,5% margin,not produced (optional); falls back to background,assets/prompts/endings/end_res_traffic_min.txt,assets/prompts/UI/STYLE.md,none,,,,placeholder,not_started,pending,missing,optional; Screens.gd shows the ending's background when the illustration is absent
ending_end_res_traffic_max,ending_illustration,,,Ending screen: The Pile-Up,ending_res_traffic_max.png,assets/endings/,1080,1080,1:1,no,5% margin,not produced (optional); falls back to background,assets/prompts/endings/end_res_traffic_max.txt,assets/prompts/UI/STYLE.md,none,,,,placeholder,not_started,pending,missing,optional; Screens.gd shows the ending's background when the illustration is absent
ending_end_res_coffers_min,ending_illustration,,,Ending screen: Foreclosure,ending_res_coffers_min.png,assets/endings/,1080,1080,1:1,no,5% margin,not produced (optional); falls back to background,assets/prompts/endings/end_res_coffers_min.txt,assets/prompts/UI/STYLE.md,none,,,,placeholder,not_started,pending,missing,optional; Screens.gd shows the ending's background when the illustration is absent
ending_end_res_coffers_max,ending_illustration,,,Ending screen: The Audit,ending_res_coffers_max.png,assets/endings/,1080,1080,1:1,no,5% margin,not produced (optional); falls back to background,assets/prompts/endings/end_res_coffers_max.txt,assets/prompts/UI/STYLE.md,none,,,,placeholder,not_started,pending,missing,optional; Screens.gd shows the ending's background when the illustration is absent
ending_end_res_company_min,ending_illustration,,,Ending screen: Dismissal,ending_res_company_min.png,assets/endings/,1080,1080,1:1,no,5% margin,not produced (optional); falls back to background,assets/prompts/endings/end_res_company_min.txt,assets/prompts/UI/STYLE.md,none,,,,placeholder,not_started,pending,missing,optional; Screens.gd shows the ending's background when the illustration is absent
ending_end_res_company_max,ending_illustration,,,Ending screen: The Promotion,ending_res_company_max.png,assets/endings/,1080,1080,1:1,no,5% margin,not produced (optional); falls back to background,assets/prompts/endings/end_res_company_max.txt,assets/prompts/UI/STYLE.md,none,,,,placeholder,not_started,pending,missing,optional; Screens.gd shows the ending's background when the illustration is absent
ending_end_res_town_min,ending_illustration,,,Ending screen: Run Out,ending_res_town_min.png,assets/endings/,1080,1080,1:1,no,5% margin,not produced (optional); falls back to background,assets/prompts/endings/end_res_town_min.txt,assets/prompts/UI/STYLE.md,none,,,,placeholder,not_started,pending,missing,optional; Screens.gd shows the ending's background when the illustration is absent
ending_end_res_town_max,ending_illustration,,,Ending screen: The Uprising,ending_res_town_max.png,assets/endings/,1080,1080,1:1,no,5% margin,not produced (optional); falls back to background,assets/prompts/endings/end_res_town_max.txt,assets/prompts/UI/STYLE.md,none,,,,placeholder,not_started,pending,missing,optional; Screens.gd shows the ending's background when the illustration is absent
ending_end_false_drought,ending_illustration,,,Ending screen: The Drought Report,ending_false_drought.png,assets/endings/,1080,1080,1:1,no,5% margin,not produced (optional); falls back to background,assets/prompts/endings/end_false_drought.txt,assets/prompts/UI/STYLE.md,none,,,,placeholder,not_started,pending,missing,optional; Screens.gd shows the ending's background when the illustration is absent
ending_end_true_river,ending_illustration,,,Ending screen: The River Returned,ending_true_river.png,assets/endings/,1080,1080,1:1,no,5% margin,not produced (optional); falls back to background,assets/prompts/endings/end_true_river.txt,assets/prompts/UI/STYLE.md,none,,,,placeholder,not_started,pending,missing,optional; Screens.gd shows the ending's background when the illustration is absent
ending_end_true_ledger,ending_illustration,,,Ending screen: The Open Ledger,ending_true_ledger.png,assets/endings/,1080,1080,1:1,no,5% margin,not produced (optional); falls back to background,assets/prompts/endings/end_true_ledger.txt,assets/prompts/UI/STYLE.md,none,,,,placeholder,not_started,pending,missing,optional; Screens.gd shows the ending's background when the illustration is absent
ending_end_true_cut,ending_illustration,,,Ending screen: The Keeper's Cut,ending_true_cut.png,assets/endings/,1080,1080,1:1,no,5% margin,not produced (optional); falls back to background,assets/prompts/endings/end_true_cut.txt,assets/prompts/UI/STYLE.md,none,,,,placeholder,not_started,pending,missing,optional; Screens.gd shows the ending's background when the illustration is absent
ending_end_ord_jubilee,ending_illustration,,,Ending screen: The Jubilee Keeper,ending_ord_jubilee.png,assets/endings/,1080,1080,1:1,no,5% margin,not produced (optional); falls back to background,assets/prompts/endings/end_ord_jubilee.txt,assets/prompts/UI/STYLE.md,none,,,,placeholder,not_started,pending,missing,optional; Screens.gd shows the ending's background when the illustration is absent
ending_end_rev_tobin,ending_illustration,,,Ending screen: Tobin's Last Story,ending_rev_tobin.png,assets/endings/,1080,1080,1:1,no,5% margin,not produced (optional); falls back to background,assets/prompts/endings/end_rev_tobin.txt,assets/prompts/UI/STYLE.md,none,,,,placeholder,not_started,pending,missing,optional; Screens.gd shows the ending's background when the illustration is absent
ending_end_ord_quiet,ending_illustration,,,Ending screen: A Quiet Life,ending_ord_quiet.png,assets/endings/,1080,1080,1:1,no,5% margin,not produced (optional); falls back to background,assets/prompts/endings/end_ord_quiet.txt,assets/prompts/UI/STYLE.md,none,,,,placeholder,not_started,pending,missing,optional; Screens.gd shows the ending's background when the illustration is absent
ending_end_ord_towns_keeper,ending_illustration,,,Ending screen: Town's Keeper,ending_ord_towns_keeper.png,assets/endings/,1080,1080,1:1,no,5% margin,not produced (optional); falls back to background,assets/prompts/endings/end_ord_towns_keeper.txt,assets/prompts/UI/STYLE.md,none,,,,placeholder,not_started,pending,missing,optional; Screens.gd shows the ending's background when the illustration is absent
ending_end_ord_companys_keeper,ending_illustration,,,Ending screen: Company's Keeper,ending_ord_companys_keeper.png,assets/endings/,1080,1080,1:1,no,5% margin,not produced (optional); falls back to background,assets/prompts/endings/end_ord_companys_keeper.txt,assets/prompts/UI/STYLE.md,none,,,,placeholder,not_started,pending,missing,optional; Screens.gd shows the ending's background when the illustration is absent
ending_end_ord_transferred,ending_illustration,,,Ending screen: Transferred,ending_ord_transferred.png,assets/endings/,1080,1080,1:1,no,5% margin,not produced (optional); falls back to background,assets/prompts/endings/end_ord_transferred.txt,assets/prompts/UI/STYLE.md,none,,,,placeholder,not_started,pending,missing,optional; Screens.gd shows the ending's background when the illustration is absent
ending_end_ord_long_watch,ending_illustration,,,Ending screen: The Long Watch,ending_ord_long_watch.png,assets/endings/,1080,1080,1:1,no,5% margin,not produced (optional); falls back to background,assets/prompts/endings/end_ord_long_watch.txt,assets/prompts/UI/STYLE.md,none,,,,placeholder,not_started,pending,missing,optional; Screens.gd shows the ending's background when the illustration is absent
ending_end_false_killer,ending_illustration,,,Ending screen: Dray's Killer,ending_false_killer.png,assets/endings/,1080,1080,1:1,no,5% margin,not produced (optional); falls back to background,assets/prompts/endings/end_false_killer.txt,assets/prompts/UI/STYLE.md,none,,,,placeholder,not_started,pending,missing,optional; Screens.gd shows the ending's background when the illustration is absent
ending_end_false_purchase,ending_illustration,,,Ending screen: The Sorrel Purchase,ending_false_purchase.png,assets/endings/,1080,1080,1:1,no,5% margin,not produced (optional); falls back to background,assets/prompts/endings/end_false_purchase.txt,assets/prompts/UI/STYLE.md,none,,,,placeholder,not_started,pending,missing,optional; Screens.gd shows the ending's background when the illustration is absent
ending_end_false_clearance,ending_illustration,,,Ending screen: The Clearance,ending_false_clearance.png,assets/endings/,1080,1080,1:1,no,5% margin,not produced (optional); falls back to background,assets/prompts/endings/end_false_clearance.txt,assets/prompts/UI/STYLE.md,none,,,,placeholder,not_started,pending,missing,optional; Screens.gd shows the ending's background when the illustration is absent
ending_end_false_blessing,ending_illustration,,,Ending screen: The Dry Blessing,ending_false_blessing.png,assets/endings/,1080,1080,1:1,no,5% margin,not produced (optional); falls back to background,assets/prompts/endings/end_false_blessing.txt,assets/prompts/UI/STYLE.md,none,,,,placeholder,not_started,pending,missing,optional; Screens.gd shows the ending's background when the illustration is absent
ending_end_false_hero,ending_illustration,,,Ending screen: Keeper of the Courier,ending_false_hero.png,assets/endings/,1080,1080,1:1,no,5% margin,not produced (optional); falls back to background,assets/prompts/endings/end_false_hero.txt,assets/prompts/UI/STYLE.md,none,,,,placeholder,not_started,pending,missing,optional; Screens.gd shows the ending's background when the illustration is absent
ending_end_crisis_fire,ending_illustration,,,Ending screen: The Boatyard Fire,ending_crisis_fire.png,assets/endings/,1080,1080,1:1,no,5% margin,not produced (optional); falls back to background,assets/prompts/endings/end_crisis_fire.txt,assets/prompts/UI/STYLE.md,none,,,,placeholder,not_started,pending,missing,optional; Screens.gd shows the ending's background when the illustration is absent
ending_end_crisis_riot,ending_illustration,,,Ending screen: The Riot,ending_crisis_riot.png,assets/endings/,1080,1080,1:1,no,5% margin,not produced (optional); falls back to background,assets/prompts/endings/end_crisis_riot.txt,assets/prompts/UI/STYLE.md,none,,,,placeholder,not_started,pending,missing,optional; Screens.gd shows the ending's background when the illustration is absent
ending_end_crisis_frost,ending_illustration,,,Ending screen: The Frost Closure,ending_crisis_frost.png,assets/endings/,1080,1080,1:1,no,5% margin,not produced (optional); falls back to background,assets/prompts/endings/end_crisis_frost.txt,assets/prompts/UI/STYLE.md,none,,,,placeholder,not_started,pending,missing,optional; Screens.gd shows the ending's background when the illustration is absent
ending_end_crisis_inquiry,ending_illustration,,,Ending screen: The Inquiry,ending_crisis_inquiry.png,assets/endings/,1080,1080,1:1,no,5% margin,not produced (optional); falls back to background,assets/prompts/endings/end_crisis_inquiry.txt,assets/prompts/UI/STYLE.md,none,,,,placeholder,not_started,pending,missing,optional; Screens.gd shows the ending's background when the illustration is absent
ending_end_crisis_fever,ending_illustration,,,Ending screen: The Fever,ending_crisis_fever.png,assets/endings/,1080,1080,1:1,no,5% margin,not produced (optional); falls back to background,assets/prompts/endings/end_crisis_fever.txt,assets/prompts/UI/STYLE.md,none,,,,placeholder,not_started,pending,missing,optional; Screens.gd shows the ending's background when the illustration is absent
ending_end_rev_sluice,ending_illustration,,,Ending screen: Into the Dark Water,ending_rev_sluice.png,assets/endings/,1080,1080,1:1,no,5% margin,not produced (optional); falls back to background,assets/prompts/endings/end_rev_sluice.txt,assets/prompts/UI/STYLE.md,none,,,,placeholder,not_started,pending,missing,optional; Screens.gd shows the ending's background when the illustration is absent
ending_end_rev_cipher,ending_illustration,,,Ending screen: The Gauge Speaks,ending_rev_cipher.png,assets/endings/,1080,1080,1:1,no,5% margin,not produced (optional); falls back to background,assets/prompts/endings/end_rev_cipher.txt,assets/prompts/UI/STYLE.md,none,,,,placeholder,not_started,pending,missing,optional; Screens.gd shows the ending's background when the illustration is absent
ending_end_rev_letters,ending_illustration,,,Ending screen: What the Water Uncovered,ending_rev_letters.png,assets/endings/,1080,1080,1:1,no,5% margin,not produced (optional); falls back to background,assets/prompts/endings/end_rev_letters.txt,assets/prompts/UI/STYLE.md,none,,,,placeholder,not_started,pending,missing,optional; Screens.gd shows the ending's background when the illustration is absent
ending_end_rev_file,ending_illustration,,,Ending screen: Filed,ending_rev_file.png,assets/endings/,1080,1080,1:1,no,5% margin,not produced (optional); falls back to background,assets/prompts/endings/end_rev_file.txt,assets/prompts/UI/STYLE.md,none,,,,placeholder,not_started,pending,missing,optional; Screens.gd shows the ending's background when the illustration is absent
ending_end_rev_vosk,ending_illustration,,,Ending screen: For the Record,ending_rev_vosk.png,assets/endings/,1080,1080,1:1,no,5% margin,not produced (optional); falls back to background,assets/prompts/endings/end_rev_vosk.txt,assets/prompts/UI/STYLE.md,none,,,,placeholder,not_started,pending,missing,optional; Screens.gd shows the ending's background when the illustration is absent
ending_end_rev_survey,ending_illustration,,,Ending screen: The Figures Do Not Close,ending_rev_survey.png,assets/endings/,1080,1080,1:1,no,5% margin,not produced (optional); falls back to background,assets/prompts/endings/end_rev_survey.txt,assets/prompts/UI/STYLE.md,none,,,,placeholder,not_started,pending,missing,optional; Screens.gd shows the ending's background when the illustration is absent
ending_end_rev_crane,ending_illustration,,,Ending screen: Duly Noted,ending_rev_crane.png,assets/endings/,1080,1080,1:1,no,5% margin,not produced (optional); falls back to background,assets/prompts/endings/end_rev_crane.txt,assets/prompts/UI/STYLE.md,none,,,,placeholder,not_started,pending,missing,optional; Screens.gd shows the ending's background when the illustration is absent
ending_end_rev_song,ending_illustration,,,Ending screen: The Last Verse,ending_rev_song.png,assets/endings/,1080,1080,1:1,no,5% margin,not produced (optional); falls back to background,assets/prompts/endings/end_rev_song.txt,assets/prompts/UI/STYLE.md,none,,,,placeholder,not_started,pending,missing,optional; Screens.gd shows the ending's background when the illustration is absent
ending_end_rev_bram,ending_illustration,,,Ending screen: The Outfall,ending_rev_bram.png,assets/endings/,1080,1080,1:1,no,5% margin,not produced (optional); falls back to background,assets/prompts/endings/end_rev_bram.txt,assets/prompts/UI/STYLE.md,none,,,,placeholder,not_started,pending,missing,optional; Screens.gd shows the ending's background when the illustration is absent
brand_logo,branding,,,Wordmark logo,logo.png,assets/branding/,1024,384,1024:384,yes,10% margin,procedural (tools/build_art.py),assets/prompts/UI/branding_logo.txt,assets/prompts/UI/STYLE.md,none,,original (repository),f823a5d9147b0d065314ddfe1b7f663b59aec7f9fec77fb9f0922b955728625d,procedural_candidate,candidate,pending,integrated,
brand_capsule_1232x706,branding,,,Store capsule,capsule_1232x706.png,assets/branding/,1232,706,1232:706,no,10% margin,procedural (tools/build_art.py),assets/prompts/UI/branding_capsule_1232x706.txt,assets/prompts/UI/STYLE.md,none,,original (repository),f9b253320264decad71b103aec2229bfd96832d60714e2a89cf8fcff34388ee8,procedural_candidate,candidate,pending,integrated,
brand_key_art_1920x1080,branding,,,Promotional key art,key_art_1920x1080.png,assets/branding/,1920,1080,1920:1080,no,10% margin,procedural (tools/build_art.py),assets/prompts/UI/branding_key_art_1920x1080.txt,assets/prompts/UI/STYLE.md,none,,original (repository),3884ca6b7f7bbe8758fd0b7a887b37056b58d551238381a091d32a2b567849e0,procedural_candidate,candidate,pending,integrated,
brand_screenshot_safe_area_overlay,branding,,,Screenshot safe-area overlay (dev aid),screenshot_safe_area_overlay.png,assets/branding/,1080,1920,1080:1920,yes,10% margin,procedural (tools/build_art.py),assets/prompts/UI/branding_screenshot_safe_area_overlay.txt,assets/prompts/UI/STYLE.md,none,,original (repository),d08d1279285e42845a7afd469b0f55d6a8da2a4074dcc6ecd48c79559ffe70ae,procedural_candidate,candidate,pending,integrated,
