asset_id,type,filename,destination,narrative_purpose,mood,instrumentation_source,duration_target_s,loop_required,loop_notes,loudness_target,format,sample_rate,channels,production_method,production_prompt_file,source_url,creator,license,attribution,sha256,placeholder_status,candidate_status,user_approval_status,integration_status,notes
mus_title,music,mus_title.ogg,assets/audio/,Title screen,"still, breathing","harmonium drone D/A, drips, fiddle fragment of The River",45,yes,crossfaded seam; validated in reports/assets/audio_validation.json,-20 LUFS approx,OGG Vorbis q5,44100,2,"procedural synthesis (tools/build_audio.py, seed 9)",assets/prompts/audio/mus_title.txt,,repository (procedural),original (repository),none required,7f54cdb09426402fb07511553b6e7f9ed0f1db932bba582cb82cb67126ec9730,procedural_candidate,candidate,pending,integrated,requires human listening review
mus_ambient,music,mus_ambient.ogg,assets/audio/,Ordinary play,"quiet, mechanical","harmonium, filtered water noise, gear clicks at 52 bpm",92,yes,crossfaded seam; validated in reports/assets/audio_validation.json,-20 LUFS approx,OGG Vorbis q5,44100,2,"procedural synthesis (tools/build_audio.py, seed 9)",assets/prompts/audio/mus_ambient.txt,,repository (procedural),original (repository),none required,1ae83a0bdacad05e65c6fae309fa1f56c788e482b65beebc901518fcd37d94d3,procedural_candidate,candidate,pending,integrated,requires human listening review
mus_crisis,music,mus_crisis.ogg,assets/audio/,Crisis pool active / danger bands,"urgent, regular","harmonium pulse 120 bpm, plucked bass, bell every 4 bars",32,yes,crossfaded seam; validated in reports/assets/audio_validation.json,-18 LUFS approx,OGG Vorbis q5,44100,2,"procedural synthesis (tools/build_audio.py, seed 9)",assets/prompts/audio/mus_crisis.txt,,repository (procedural),original (repository),none required,b9cd3b87c43eafd7c8dc51cdb8ed6c70a992d74fac6fd1dc6dc1b1dfe08c928e,procedural_candidate,candidate,pending,integrated,requires human listening review
mus_ending_ordinary,music,mus_ending_ordinary.ogg,assets/audio/,Ordinary and false endings,"settled, ambiguous","plucked D-F-A arpeggio, harmonium pad, bell",20,no,one-shot,-20 LUFS approx,OGG Vorbis q5,44100,2,"procedural synthesis (tools/build_audio.py, seed 9)",assets/prompts/audio/mus_ending_ordinary.txt,,repository (procedural),original (repository),none required,0399d3333b48367abd1e75f721ff13ebf2e4dc75cd0c82a5f78cf9757fef3664,procedural_candidate,candidate,pending,integrated,requires human listening review
mus_ending_fail,music,mus_ending_fail.ogg,assets/audio/,Deaths and dismissals,final,"tubular bell, decaying harmonium",12,no,one-shot,-22 LUFS approx,OGG Vorbis q5,44100,2,"procedural synthesis (tools/build_audio.py, seed 9)",assets/prompts/audio/mus_ending_fail.txt,,repository (procedural),original (repository),none required,16961c9b434d10fc00f6fb3e5bfc144758e36dc38c0ea89b2dbdd41de3f01ba8,procedural_candidate,candidate,pending,integrated,requires human listening review
mus_ending_true,music,mus_ending_true.ogg,assets/audio/,True endings,release,"The River motif (D Dorian) on solo fiddle, pad, bell",40,no,one-shot,-18 LUFS approx,OGG Vorbis q5,44100,2,"procedural synthesis (tools/build_audio.py, seed 9)",assets/prompts/audio/mus_ending_true.txt,,repository (procedural),original (repository),none required,1b50dd69d0d084ae5a572ce4129bd20bf778affac27a461f8ee486b02085fecc,procedural_candidate,candidate,pending,integrated,requires human listening review
sfx_card_drag,sfx,sfx_card_drag.wav,assets/audio/,Drag start,paper,"band-passed noise, 3 variations (_v1.._v3)",0.14,no,one-shot,-22 dBFS RMS,WAV PCM16,44100,1,"procedural synthesis (tools/build_audio.py, seed 9)",assets/prompts/audio/sfx_card_drag.txt,,repository (procedural),original (repository),none required,68641825d62bfc9b81fc865b80d913db5c9257681b3b153b82fde0d9e0179783,procedural_candidate,candidate,pending,integrated,requires human listening review
sfx_card_tilt,sfx,sfx_card_tilt.wav,assets/audio/,Passing the commit threshold,click,pitch-swept sine,0.05,no,one-shot,-16 dBFS RMS,WAV PCM16,44100,1,"procedural synthesis (tools/build_audio.py, seed 9)",assets/prompts/audio/sfx_card_tilt.txt,,repository (procedural),original (repository),none required,5cdc04f056b568e851510391623341aae6e5cd6bf55b672f242759df15f1985e,procedural_candidate,candidate,pending,integrated,requires human listening review
sfx_card_snap,sfx,sfx_card_snap.wav,assets/audio/,Card returns to centre,rubbery,pitch sweep + noise,0.16,no,one-shot,-15 dBFS RMS,WAV PCM16,44100,1,"procedural synthesis (tools/build_audio.py, seed 9)",assets/prompts/audio/sfx_card_snap.txt,,repository (procedural),original (repository),none required,c0c0628d033382b1f615e538d90f2bfca37f1e9b349b4356898df9ac6c6deabb,procedural_candidate,candidate,pending,integrated,requires human listening review
sfx_card_commit,sfx,sfx_card_commit.wav,assets/audio/,Decision committed,wooden thud,"slap + gate thud + chain, 2 variations",0.3,no,one-shot,-14 dBFS RMS,WAV PCM16,44100,1,"procedural synthesis (tools/build_audio.py, seed 9)",assets/prompts/audio/sfx_card_commit.txt,,repository (procedural),original (repository),none required,0ad9599fb79a5924d33ffda989f9844be01c8029cf351b399759982f69285ecf,procedural_candidate,candidate,pending,integrated,requires human listening review
sfx_ui_nav,sfx,sfx_ui_nav.wav,assets/audio/,Menu navigation,brass tick,sine,0.05,no,one-shot,-19 dBFS RMS,WAV PCM16,44100,1,"procedural synthesis (tools/build_audio.py, seed 9)",assets/prompts/audio/sfx_ui_nav.txt,,repository (procedural),original (repository),none required,39fd14f41aeb252bf5c1ee73a45aec75d9edf9e6e5368d2ba65cb973721cccc8,procedural_candidate,candidate,pending,integrated,requires human listening review
sfx_ui_confirm,sfx,sfx_ui_confirm.wav,assets/audio/,Menu confirmation,brass,two sines,0.16,no,one-shot,-17 dBFS RMS,WAV PCM16,44100,1,"procedural synthesis (tools/build_audio.py, seed 9)",assets/prompts/audio/sfx_ui_confirm.txt,,repository (procedural),original (repository),none required,242338bbb1dbfd1589f117a8ca566eaac28aeb81064b05030824f738bed103b9,procedural_candidate,candidate,pending,integrated,requires human listening review
sfx_save,sfx,sfx_save.wav,assets/audio/,Save confirmation,brass,two rising sines,0.25,no,one-shot,-19 dBFS RMS,WAV PCM16,44100,1,"procedural synthesis (tools/build_audio.py, seed 9)",assets/prompts/audio/sfx_save.txt,,repository (procedural),original (repository),none required,202db3f204e52c5099c85525094672b30e6b8ed8a24dd0a19df569c147c4a206,procedural_candidate,candidate,pending,integrated,requires human listening review
sfx_res_up,sfx,sfx_res_up.wav,assets/audio/,Resource increase,bell up,two-note bell,0.28,no,one-shot,-17 dBFS RMS,WAV PCM16,44100,1,"procedural synthesis (tools/build_audio.py, seed 9)",assets/prompts/audio/sfx_res_up.txt,,repository (procedural),original (repository),none required,e80b26f3e0e035eef7d3016fff303506219dde86b58e80aa43daf2ad3941eed7,procedural_candidate,candidate,pending,integrated,requires human listening review
sfx_res_down,sfx,sfx_res_down.wav,assets/audio/,Resource decrease,bell down,two-note bell,0.28,no,one-shot,-17 dBFS RMS,WAV PCM16,44100,1,"procedural synthesis (tools/build_audio.py, seed 9)",assets/prompts/audio/sfx_res_down.txt,,repository (procedural),original (repository),none required,2ef8f15b2673ad49752cdb4aebe5dc34a0ae62626f979a27e93c435a163b5d6a,procedural_candidate,candidate,pending,integrated,requires human listening review
sfx_res_danger,sfx,sfx_res_danger.wav,assets/audio/,Resource enters danger band,low pulse,beating harmonium,0.7,no,one-shot,-12 dBFS RMS,WAV PCM16,44100,1,"procedural synthesis (tools/build_audio.py, seed 9)",assets/prompts/audio/sfx_res_danger.txt,,repository (procedural),original (repository),none required,2ece042183d6d509cb151b8e81073f0535c9922382c0b1545ffa69837a629dbe,procedural_candidate,candidate,pending,integrated,requires human listening review
sfx_warning,sfx,sfx_warning.wav,assets/audio/,General warning,struck iron,partials + reverb,0.6,no,one-shot,-17 dBFS RMS,WAV PCM16,44100,1,"procedural synthesis (tools/build_audio.py, seed 9)",assets/prompts/audio/sfx_warning.txt,,repository (procedural),original (repository),none required,c2699fc758b0e71fa4614dabfd53823ca3524a2bb81e41c0543ebc8cf1be44f7,procedural_candidate,candidate,pending,integrated,requires human listening review
sfx_unlock,sfx,sfx_unlock.wav,assets/audio/,Ledger unlock,three bells,rising bell partials,0.9,no,one-shot,-18 dBFS RMS,WAV PCM16,44100,1,"procedural synthesis (tools/build_audio.py, seed 9)",assets/prompts/audio/sfx_unlock.txt,,repository (procedural),original (repository),none required,21bc027deb2b1b44d8d6d286a784e8b45262d1a29c46fb4410acdb187b2b0d72,procedural_candidate,candidate,pending,integrated,requires human listening review
sfx_revelation,sfx,sfx_revelation.wav,assets/audio/,Revelation beat,swell,sines + shimmer noise,1.6,no,one-shot,-18 dBFS RMS,WAV PCM16,44100,1,"procedural synthesis (tools/build_audio.py, seed 9)",assets/prompts/audio/sfx_revelation.txt,,repository (procedural),original (repository),none required,125e32ea18ab03d89f9d7fb1e7def80a32fa8498e0d854c64dec2e9b9731edf1,procedural_candidate,candidate,pending,integrated,requires human listening review
sfx_death,sfx,sfx_death.wav,assets/audio/,Death / dismissal,bell + drone,bell partials + descending drone,1.6,no,one-shot,-17 dBFS RMS,WAV PCM16,44100,1,"procedural synthesis (tools/build_audio.py, seed 9)",assets/prompts/audio/sfx_death.txt,,repository (procedural),original (repository),none required,bb301efe42b51e547662a9ade981afc4ad7f031932fe8f7d23afb7dfc07f4dfc,procedural_candidate,candidate,pending,integrated,requires human listening review
sfx_success,sfx,sfx_success.wav,assets/audio/,Success stinger,plucked,pluck + bell,1.0,no,one-shot,-17 dBFS RMS,WAV PCM16,44100,1,"procedural synthesis (tools/build_audio.py, seed 9)",assets/prompts/audio/sfx_success.txt,,repository (procedural),original (repository),none required,b45b5cd36760caf43314befe35d1094cff56b3144e4a4f404c0b8a9c2fd119b5,procedural_candidate,candidate,pending,integrated,requires human listening review
sfx_telegram,sfx,sfx_telegram.wav,assets/audio/,Telegram card,clicks,noise bursts in rhythm,0.5,no,one-shot,-28 dBFS RMS,WAV PCM16,44100,1,"procedural synthesis (tools/build_audio.py, seed 9)",assets/prompts/audio/sfx_telegram.txt,,repository (procedural),original (repository),none required,3dbae3a5a7aa8ea39dac3edc151b4f26bc55bb6bc407490002cd4d5167b2d3e3,procedural_candidate,candidate,pending,integrated,requires human listening review
sfx_mech_click,sfx,sfx_mech_click.wav,assets/audio/,Mechanical click / ratchet,click,noise burst,0.04,no,one-shot,-21 dBFS RMS,WAV PCM16,44100,1,"procedural synthesis (tools/build_audio.py, seed 9)",assets/prompts/audio/sfx_mech_click.txt,,repository (procedural),original (repository),none required,e0bd8f454b70616119dd52ea019a2936d9cb3bea5ca4f40af9287cf182552b5a,procedural_candidate,candidate,pending,integrated,requires human listening review
sfx_gate_move,sfx,sfx_gate_move.wav,assets/audio/,Lock-gate movement,groan,low sweep + rumble + creak,1.4,no,one-shot,-11 dBFS RMS,WAV PCM16,44100,1,"procedural synthesis (tools/build_audio.py, seed 9)",assets/prompts/audio/sfx_gate_move.txt,,repository (procedural),original (repository),none required,4642fe11f4cf5d3502855ace359a321408cffa0f2b2feba3af94159e28a97ed9,procedural_candidate,candidate,pending,integrated,requires human listening review
sfx_chain,sfx,sfx_chain.wav,assets/audio/,Chain tension,metallic rattle,sine bursts,0.8,no,one-shot,-19 dBFS RMS,WAV PCM16,44100,1,"procedural synthesis (tools/build_audio.py, seed 9)",assets/prompts/audio/sfx_chain.txt,,repository (procedural),original (repository),none required,49c14342aaa5afd9a61bf7b9af006edd1ef03d30b47a9115fdc67ad70dd89302,procedural_candidate,candidate,pending,integrated,requires human listening review
sfx_water_loop,sfx,sfx_water_loop.wav,assets/audio/,Water movement (loop),water,"filtered noise, crossfaded loop",2.75,yes,crossfaded seam; validated in reports/assets/audio_validation.json,-23 dBFS RMS,WAV PCM16,44100,1,"procedural synthesis (tools/build_audio.py, seed 9)",assets/prompts/audio/sfx_water_loop.txt,,repository (procedural),original (repository),none required,8549bf459ef677e2dee73798bedd8cd038fa2baaf47504e40687a41d89a9ad81,procedural_candidate,candidate,pending,integrated,requires human listening review
sfx_water_drift,sfx,sfx_water_drift.wav,assets/audio/,Water drift tick,water,band-passed noise,0.25,no,one-shot,-25 dBFS RMS,WAV PCM16,44100,1,"procedural synthesis (tools/build_audio.py, seed 9)",assets/prompts/audio/sfx_water_drift.txt,,repository (procedural),original (repository),none required,891a2910c8561c4d04ec867148a3552ff5c27750e45a740631028f5badefdee3,procedural_candidate,candidate,pending,integrated,requires human listening review
sfx_wood_impact,sfx,sfx_wood_impact.wav,assets/audio/,Wooden impact,wood,pitch sweep + noise,0.22,no,one-shot,-14 dBFS RMS,WAV PCM16,44100,1,"procedural synthesis (tools/build_audio.py, seed 9)",assets/prompts/audio/sfx_wood_impact.txt,,repository (procedural),original (repository),none required,79f63ddfde68aa5f28f4774f57051608281462d5dd4c9e97f83e7c8bac5ba94c,procedural_candidate,candidate,pending,integrated,requires human listening review
sfx_metal_impact,sfx,sfx_metal_impact.wav,assets/audio/,Metal impact,metal,inharmonic partials,0.7,no,one-shot,-17 dBFS RMS,WAV PCM16,44100,1,"procedural synthesis (tools/build_audio.py, seed 9)",assets/prompts/audio/sfx_metal_impact.txt,,repository (procedural),original (repository),none required,d29a1cbf1ee1087a650d6cf056caf716ecd04952571af03d5ec4881732bb1506,procedural_candidate,candidate,pending,integrated,requires human listening review
sfx_bell,sfx,sfx_bell.wav,assets/audio/,Summit bell,bell,tubular bell partials,2.2,no,one-shot,-16 dBFS RMS,WAV PCM16,44100,1,"procedural synthesis (tools/build_audio.py, seed 9)",assets/prompts/audio/sfx_bell.txt,,repository (procedural),original (repository),none required,f602e97c832438de00c6e01807860ab014b476c1f91e4540696b62209d0a39d5,procedural_candidate,candidate,pending,integrated,requires human listening review
